city,province,lat,long
Toronto,Ontario,43.7417,-79.3733
Montreal,Quebec,45.5089,-73.5617
Vancouver,British Columbia,49.25,-123.1
Calgary,Alberta,51.05,-114.0667
Edmonton,Alberta,53.5344,-113.4903
Ottawa,Ontario,45.4247,-75.695
Winnipeg,Manitoba,49.8844,-97.1464
Quebec City,Quebec,46.8139,-71.2081
Hamilton,Ontario,43.2567,-79.8692
Mississauga,Ontario,43.6,-79.65
Brampton,Ontario,43.6833,-79.7667
Surrey,British Columbia,49.19,-122.8489
Kitchener,Ontario,43.4186,-80.4728
Halifax,Nova Scotia,44.6475,-63.5906
Laval,Quebec,45.5833,-73.75
London,Ontario,42.9836,-81.2497
Victoria,British Columbia,48.4283,-123.3647
Markham,Ontario,43.8767,-79.2633
Oshawa,Ontario,43.9,-78.85
Vaughan,Ontario,43.8333,-79.5
Windsor,Ontario,42.2833,-83
Gatineau,Quebec,45.4833,-75.65
Saskatoon,Saskatchewan,52.1333,-106.6833
Longueuil,Quebec,45.5333,-73.5167
Burnaby,British Columbia,49.2667,-122.9667
St. Catharines,Ontario,43.1833,-79.2333
Regina,Saskatchewan,50.4547,-104.6067
Oakville,Ontario,43.45,-79.6833
Richmond,British Columbia,49.1667,-123.1333
Richmond Hill,Ontario,43.8667,-79.4333
Burlington,Ontario,43.3167,-79.8
St. John's,Newfoundland and Labrador,47.4817,-52.7971
Kelowna,British Columbia,49.8881,-119.4956
Sherbrooke,Quebec,45.4,-71.9
Sudbury,Ontario,46.49,-81.01
Barrie,Ontario,44.3711,-79.6769
Abbotsford,British Columbia,49.05,-122.3167
Levis,Quebec,46.8,-71.1833
Coquitlam,British Columbia,49.2839,-122.7919
Saguenay,Quebec,48.4167,-71.0667
Guelph,Ontario,43.55,-80.25
Trois-Rivieres,Quebec,46.35,-72.55
Whitby,Ontario,43.8833,-78.9417
Cambridge,Ontario,43.3972,-80.3114
Milton,Ontario,43.5083,-79.8833
Ajax,Ontario,43.8583,-79.0364
Waterloo,Ontario,43.4667,-80.5167
Terrebonne,Quebec,45.7,-73.6333
Moncton,New Brunswick,46.1328,-64.7714
Saanich,British Columbia,48.484,-123.381
White Rock,British Columbia,49.025,-122.8028
Thunder Bay,Ontario,48.3822,-89.2461
Delta,British Columbia,49.0847,-123.0586
Nanaimo,British Columbia,49.1642,-123.9364
Brantford,Ontario,43.1667,-80.25
Chatham,Ontario,42.4229,-82.1324
Clarington,Ontario,43.935,-78.6083
Saint-Jerome,Quebec,45.7833,-74
Red Deer,Alberta,52.2681,-113.8111
Pickering,Ontario,43.8354,-79.089
Lethbridge,Alberta,49.6942,-112.8328
Kamloops,British Columbia,50.6761,-120.3408
Saint-Jean-sur-Richelieu,Quebec,45.3167,-73.2667
Niagara Falls,Ontario,43.06,-79.1067
Cape Breton,Nova Scotia,46.1389,-60.1931
Chilliwack,British Columbia,49.1577,-121.9509
Brossard,Quebec,45.4667,-73.45
Maple Ridge,British Columbia,49.2167,-122.6
Newmarket,Ontario,44.05,-79.4667
Repentigny,Quebec,45.7333,-73.4667
Peterborough,Ontario,44.3,-78.3167
Drummondville,Quebec,45.8833,-72.4833
Kawartha Lakes,Ontario,44.35,-78.75
New Westminster,British Columbia,49.2069,-122.9111
Prince George,British Columbia,53.9169,-122.7494
Caledon,Ontario,43.8667,-79.8667
Chateauguay,Quebec,45.38,-73.75
Belleville,Ontario,44.1667,-77.3833
Airdrie,Alberta,51.2917,-114.0144
Sarnia,Ontario,42.9994,-82.3089
Wood Buffalo,Alberta,57.6042,-111.3284
Sault Ste. Marie,Ontario,46.5333,-84.35
Saint John,New Brunswick,45.2806,-66.0761
Welland,Ontario,42.9833,-79.2333
Granby,Quebec,45.4,-72.7333
St. Albert,Alberta,53.6303,-113.6258
Fredericton,New Brunswick,45.9636,-66.6431
Grande Prairie,Alberta,55.1708,-118.7947
Medicine Hat,Alberta,50.0417,-110.6775
Halton Hills,Ontario,43.63,-79.95
Aurora,Ontario,44,-79.4667
Port Coquitlam,British Columbia,49.2625,-122.7811
Mirabel,Quebec,45.65,-74.0833
Blainville,Quebec,45.67,-73.88
Lac-Brome,Quebec,45.2167,-72.5167
North Vancouver,British Columbia,49.32019672,-123.0699402
Saint-Hyacinthe,Quebec,45.6167,-72.95
Beloeil,Quebec,45.5667,-73.2
North Bay,Ontario,46.3,-79.45
Charlottetown,Prince Edward Island,46.2403,-63.1347
Vernon,British Columbia,50.267,-119.272
Brandon,Manitoba,49.8483,-99.95
Mascouche,Quebec,45.75,-73.6
Stouffville,Ontario,43.9667,-79.25
Shawinigan,Quebec,46.5667,-72.75
Joliette,Quebec,46.0167,-73.45
Rimouski,Quebec,48.45,-68.53
Courtenay,British Columbia,49.6878,-124.9944
Dollard-des-Ormeaux,Quebec,45.4833,-73.8167
Cornwall,Ontario,45.0275,-74.74
Victoriaville,Quebec,46.05,-71.9667
Georgina,Ontario,44.3,-79.4333
Woodstock,Ontario,43.1306,-80.7467
Langford Station,British Columbia,48.4506,-123.5058
Quinte West,Ontario,44.1833,-77.5667
St. Thomas,Ontario,42.775,-81.1833
Saint-Eustache,Quebec,45.57,-73.9
West Vancouver,British Columbia,49.3667,-123.1667
New Tecumseth,Ontario,44.0833,-79.75
Innisfil,Ontario,44.3,-79.5833
Vaudreuil-Dorion,Quebec,45.4,-74.0333
Bradford West Gwillimbury,Ontario,44.1333,-79.6333
Salaberry-de-Valleyfield,Quebec,45.25,-74.13
Rouyn-Noranda,Quebec,48.2333,-79.0167
Boucherville,Quebec,45.6,-73.45
Mission,British Columbia,49.1337,-122.3112
Timmins,Ontario,48.4667,-81.3333
Lakeshore,Ontario,42.2399,-82.6511
Brant,Ontario,43.1167,-80.3667
Spruce Grove,Alberta,53.545,-113.9008
Campbell River,British Columbia,50.0244,-125.2475
Prince Albert,Saskatchewan,53.2,-105.75
Penticton,British Columbia,49.4911,-119.5886
Sorel-Tracy,Quebec,46.0333,-73.1167
East Kelowna,British Columbia,49.8625,-119.5833
Leamington,Ontario,42.0667,-82.5833
East Gwillimbury,Ontario,44.1333,-79.4167
Cote-Saint-Luc,Quebec,45.4687,-73.6673
Orangeville,Ontario,43.9167,-80.1167
Leduc,Alberta,53.2594,-113.5492
Moose Jaw,Saskatchewan,50.3933,-105.5519
Port Moody,British Columbia,49.2831,-122.8317
Pointe-Claire,Quebec,45.45,-73.8167
Orillia,Ontario,44.6,-79.4167
Stratford,Ontario,43.3708,-80.9819
Fort Erie,Ontario,42.9167,-79.0167
Val-d'Or,Quebec,48.1,-77.7833
LaSalle,Ontario,42.2167,-83.0667
Cochrane,Alberta,51.189,-114.467
North Cowichan,British Columbia,48.8236,-123.7192
Lloydminster,Saskatchewan,53.2783,-110.005
Chambly,Quebec,45.4311,-73.2873
Centre Wellington,Ontario,43.7,-80.3667
Okotoks,Alberta,50.725,-113.975
Alma,Quebec,48.55,-71.65
Sainte-Julie,Quebec,45.5833,-73.3333
Saint-Constant,Quebec,45.37,-73.57
Langley,British Columbia,49.09869081,-122.6597287
Grimsby,Ontario,43.2,-79.55
Magog,Quebec,45.2667,-72.15
Boisbriand,Quebec,45.62,-73.83
Whitehorse,Yukon,60.7029,-135.0691
Dieppe,New Brunswick,46.0989,-64.7242
King,Ontario,44.0463,-79.6044
Parksville,British Columbia,49.315,-124.312
Conception Bay South,Newfoundland and Labrador,47.5167,-52.9833
Fort Saskatchewan,Alberta,53.7128,-113.2133
Woolwich,Ontario,43.5667,-80.4833
Sainte-Therese,Quebec,45.6333,-73.85
Clarence-Rockland,Ontario,45.4833,-75.2
La Prairie,Quebec,45.42,-73.5
Saint-Bruno-de-Montarville,Quebec,45.5333,-73.35
Midland,Ontario,44.75,-79.8833
Thetford Mines,Quebec,46.1,-71.3
Lincoln,Ontario,43.13,-79.43
Quispamsis,New Brunswick,45.4322,-65.9462
Wasaga Beach,Ontario,44.5206,-80.0167
Collingwood,Ontario,44.5,-80.2167
Sept-Iles,Quebec,50.2167,-66.3833
Duncan,British Columbia,48.7787,-123.7079
Hudson,Quebec,45.45,-74.15
Saint-Lin--Laurentides,Quebec,45.85,-73.7667
Strathroy-Caradoc,Ontario,42.9575,-81.6167
Squamish,British Columbia,49.7017,-123.1589
Thorold,Ontario,43.1167,-79.2
Truro,Nova Scotia,45.3647,-63.28
Amherstburg,Ontario,42.1,-83.0833
L'Assomption,Quebec,45.8333,-73.4167
Tecumseh,Ontario,42.2431,-82.9256
Candiac,Quebec,45.38,-73.52
Essa,Ontario,44.25,-79.7833
Paradise,Newfoundland and Labrador,47.5333,-52.8667
Saint-Lambert,Quebec,45.5,-73.5167
Mount Pearl Park,Newfoundland and Labrador,47.5189,-52.8058
Saint-Lazare,Quebec,45.4,-74.1333
Owen Sound,Ontario,44.5667,-80.9333
Brockville,Ontario,44.5833,-75.6833
Chestermere,Alberta,51.05,-113.8225
Kingsville,Ontario,42.1,-82.7167
Port Alberni,British Columbia,49.2339,-124.805
Springwater,Ontario,44.4333,-79.7333
Scugog,Ontario,44.09,-78.936
Uxbridge,Ontario,44.1167,-79.1333
Fort St. John,British Columbia,56.2465,-120.8476
Wilmot,Ontario,43.4,-80.65
Essex,Ontario,42.0833,-82.9
Varennes,Quebec,45.6833,-73.4333
Oro-Medonte,Ontario,44.5667,-79.5833
Mont-Royal,Quebec,45.5161,-73.6431
Beaumont,Alberta,53.3572,-113.4147
Baie-Comeau,Quebec,49.2167,-68.15
Riverview,New Brunswick,46.0613,-64.8052
Cobourg,Ontario,43.9667,-78.1667
Cranbrook,British Columbia,49.5097,-115.7667
Yellowknife,Northwest Territories,62.4709,-114.4053
South Frontenac,Ontario,44.5081,-76.4939
Riviere-du-Loup,Quebec,47.8333,-69.5333
Port Colborne,Ontario,42.8833,-79.25
Saint-Augustin-de-Desmaures,Quebec,46.7333,-71.4667
Huntsville,Ontario,45.3333,-79.2167
Sainte-Marthe-sur-le-Lac,Quebec,45.53,-73.93
Lloydminster,Alberta,53.2807,-110.035
Westmount,Quebec,45.4833,-73.6
Russell,Ontario,45.2569,-75.3583
Les Coteaux,Quebec,45.28,-74.23
Salmon Arm,British Columbia,50.7022,-119.2722
Kirkland,Quebec,45.45,-73.8667
Corner Brook,Newfoundland and Labrador,48.9287,-57.926
New Glasgow,Nova Scotia,45.5926,-62.6455
Dorval,Quebec,45.45,-73.75
Beaconsfield,Quebec,45.4333,-73.8667
Pitt Meadows,British Columbia,49.2333,-122.6833
Niagara-on-the-Lake,Ontario,43.2553,-79.0717
Colwood,British Columbia,48.4236,-123.4958
Middlesex Centre,Ontario,43.05,-81.45
Mont-Saint-Hilaire,Quebec,45.5622,-73.1917
Camrose,Alberta,53.0167,-112.8333
Selwyn,Ontario,44.4167,-78.3333
Tillsonburg,Ontario,42.8667,-80.7333
Pelham,Ontario,43.0333,-79.3333
Petawawa,Ontario,45.9,-77.2833
Stony Plain,Alberta,53.5264,-114.0069
Oak Bay,British Columbia,48.4264,-123.3228
North Grenville,Ontario,44.9667,-75.65
Loyalist,Ontario,44.25,-76.75
Deux-Montagnes,Quebec,45.5333,-73.8833
Steinbach,Manitoba,49.5258,-96.6839
Saint-Colomban,Quebec,45.73,-74.13
Miramichi,New Brunswick,47.0196,-65.5072
Esquimalt,British Columbia,48.4306,-123.4147
Central Saanich,British Columbia,48.5142,-123.3839
Sainte-Catherine,Quebec,45.4,-73.58
Port Hope,Ontario,43.95,-78.3
Inverness,Nova Scotia,46.2,-61.1
Saint-Basile-le-Grand,Quebec,45.5333,-73.2833
L'Ancienne-Lorette,Quebec,46.8,-71.35
Swift Current,Saskatchewan,50.2881,-107.7939
Pembroke,Ontario,45.8167,-77.1
Edmundston,New Brunswick,47.3765,-68.3253
Yorkton,Saskatchewan,51.2139,-102.4628
Springfield,Manitoba,49.9292,-96.6939
Sylvan Lake,Alberta,52.3083,-114.0964
Bracebridge,Ontario,45.0333,-79.3
Summerside,Prince Edward Island,46.4,-63.7833
Canmore,Alberta,51.089,-115.359
Bathurst,New Brunswick,47.62,-65.65
Greater Napanee,Ontario,44.25,-76.95
Lake Country,British Columbia,50.0833,-119.4142
Hanover,Manitoba,49.4433,-96.8492
Winkler,Manitoba,49.1817,-97.9397
Saint-Charles-Borromee,Quebec,46.05,-73.4667
Cowansville,Quebec,45.2,-72.75
Sainte-Anne-des-Plaines,Quebec,45.7617,-73.8204
Gaspe,Quebec,48.8333,-64.4833
Sooke,British Columbia,48.3761,-123.7378
Kenora,Ontario,49.7667,-94.4833
Cold Lake,Alberta,54.4642,-110.1825
Brooks,Alberta,50.5642,-111.8989
Kentville,Nova Scotia,45.0775,-64.4958
Comox,British Columbia,49.6733,-124.9022
Pincourt,Quebec,45.3833,-73.9833
Mississippi Mills,Ontario,45.2167,-76.2
St. Clair,Ontario,42.7833,-82.35
Terrace,British Columbia,54.5164,-128.5997
Mercier,Quebec,45.32,-73.75
West Lincoln,Ontario,43.0667,-79.5667
Lavaltrie,Quebec,45.8833,-73.2833
West Nipissing / Nipissing Ouest,Ontario,46.3667,-79.9167
Strathmore,Alberta,51.0378,-113.4003
High River,Alberta,50.5808,-113.8744
Clearview,Ontario,44.3981,-80.0742
Lachute,Quebec,45.65,-74.3333
Rosemere,Quebec,45.6369,-73.8
Matane,Quebec,48.85,-67.5333
Thames Centre,Ontario,43.03,-81.08
Powell River,British Columbia,49.8353,-124.5247
Carleton Place,Ontario,45.1333,-76.1333
Guelph/Eramosa,Ontario,43.63,-80.22
Grand Falls,Newfoundland and Labrador,48.9578,-55.6633
North Battleford,Saskatchewan,52.7575,-108.2861
Mont-Laurier,Quebec,46.55,-75.5
Central Elgin,Ontario,42.7667,-81.1
Mistassini,Quebec,48.8229,-72.2154
Saugeen Shores,Ontario,44.4333,-81.3667
Ingersoll,Ontario,43.0392,-80.8836
Beauharnois,Quebec,45.32,-73.87
South Stormont,Ontario,45.0833,-74.9667
Becancour,Quebec,46.3333,-72.4333
Severn,Ontario,44.75,-79.5167
Lacombe,Alberta,52.4683,-113.7369
Sainte-Sophie,Quebec,45.82,-73.9
Val-des-Monts,Quebec,45.65,-75.6667
Saint-Amable,Quebec,45.65,-73.3
Portage La Prairie,Manitoba,49.9728,-98.2919
South Glengarry,Ontario,45.2,-74.5833
Sainte-Marie,Quebec,46.45,-71.0333
North Perth,Ontario,43.73,-80.95
Thompson,Manitoba,55.7433,-97.8553
Trent Hills,Ontario,44.3142,-77.8514
Trail,British Columbia,49.095,-117.71
The Nation / La Nation,Ontario,45.35,-75.0333
Amos,Quebec,48.5667,-78.1167
Wetaskiwin,Alberta,52.9694,-113.3769
West Grey,Ontario,44.1833,-80.8167
Warman,Saskatchewan,52.3219,-106.5842
Dawson Creek,British Columbia,55.7606,-120.2356
Sidney,British Columbia,48.6506,-123.3986
Gravenhurst,Ontario,44.9167,-79.3667
Prince Rupert,British Columbia,54.3122,-130.3271
Perth East,Ontario,43.47,-80.95
North Saanich,British Columbia,48.6142,-123.42
Prevost,Quebec,45.87,-74.08
Sainte-Adele,Quebec,45.95,-74.13
Sainte-Agathe-des-Monts,Quebec,46.05,-74.28
Quesnel,British Columbia,52.9784,-122.4927
Les Iles-de-la-Madeleine,Quebec,47.3833,-61.8667
Tache,Manitoba,49.7081,-96.6736
Wellington North,Ontario,43.9,-80.57
St. Andrews,Manitoba,50.27,-96.9747
Williams Lake,British Columbia,52.1294,-122.1383
Gander,Newfoundland and Labrador,48.9569,-54.6089
Whistler,British Columbia,50.1208,-122.9544
Brighton,Ontario,44.1222,-77.7642
Tiny,Ontario,44.6833,-79.95
Hawkesbury,Ontario,45.6,-74.6
Carignan,Quebec,45.45,-73.3
Brock,Ontario,44.3167,-79.0833
L'Ile-Perrot,Quebec,45.3833,-73.95
Summerland,British Columbia,49.6006,-119.6778
St. Clements,Manitoba,50.2689,-96.6742
View Royal,British Columbia,48.4517,-123.4339
Montmagny,Quebec,46.9833,-70.55
Cantley,Quebec,45.5667,-75.7833
Erin,Ontario,43.7667,-80.0667
Notre-Dame-de-l'Ile-Perrot,Quebec,45.3667,-73.9333
Kincardine,Ontario,44.1667,-81.6333
Elliot Lake,Ontario,46.3833,-82.65
Bromont,Quebec,45.3167,-72.65
Arnprior,Ontario,45.4333,-76.35
North Dundas,Ontario,45.0833,-75.35
Wellesley,Ontario,43.55,-80.7167
Nelson,British Columbia,49.5,-117.2833
Ladysmith,British Columbia,48.9975,-123.8203
Coldstream,British Columbia,50.22,-119.2481
Georgian Bluffs,Ontario,44.65,-81.0333
Weyburn,Saskatchewan,49.6611,-103.8525
La Tuque,Quebec,48.0652,-74.0528
Norwich,Ontario,42.9833,-80.6
Meaford,Ontario,44.58,-80.73
Adjala-Tosorontio,Ontario,44.1333,-79.9333
Hamilton Township,Ontario,44.054,-78.2164
Stratford,Prince Edward Island,46.2167,-63.0893
Estevan,Saskatchewan,49.1392,-102.9861
South Dundas,Ontario,44.9167,-75.2667
Lambton Shores,Ontario,43.1833,-81.9
North Dumfries,Ontario,43.32,-80.38
Martensville,Saskatchewan,52.2897,-106.6667
Mapleton,Ontario,43.7358,-80.6681
Rawdon,Quebec,46.05,-73.7167
Morinville,Alberta,53.8022,-113.6497
Blackfalds,Alberta,52.3833,-113.8
Chester,Nova Scotia,44.65,-64.3
Queens,Nova Scotia,44.0333,-64.7167
Selkirk,Manitoba,50.1436,-96.8839
Saint-Felicien,Quebec,48.65,-72.45
Roberval,Quebec,48.52,-72.23
Rideau Lakes,Ontario,44.6667,-76.2167
Sechelt,British Columbia,49.4742,-123.7542
Bois-des-Filion,Quebec,45.6667,-73.75
North Glengarry,Ontario,45.3333,-74.7333
South Huron,Ontario,43.32,-81.5
Marieville,Quebec,45.4333,-73.1667
Penetanguishene,Ontario,44.7667,-79.9333
Tay,Ontario,44.7167,-79.7667
Castlegar,British Columbia,49.3256,-117.6661
Cavan Monaghan,Ontario,44.2,-78.4667
Morden,Manitoba,49.1919,-98.1006
Temiskaming Shores,Ontario,47.5167,-79.6833
Hinton,Alberta,53.4114,-117.5639
Saint-Sauveur,Quebec,45.9,-74.17
Grey Highlands,Ontario,44.3333,-80.5
East St. Paul,Manitoba,49.9772,-97.0103
Stoneham-et-Tewkesbury,Quebec,47.1667,-71.4333
Alfred and Plantagenet,Ontario,45.5667,-74.9167
Mont-Tremblant,Quebec,46.1167,-74.6
Saint-Zotique,Quebec,45.25,-74.25
Saint-Raymond,Quebec,46.9,-71.8333
Gibsons,British Columbia,49.4028,-123.5036
Amherst,Nova Scotia,45.8167,-64.2167
Elizabethtown-Kitley,Ontario,44.7,-75.8833
Smiths Falls,Ontario,44.9,-76.0167
Lorraine,Quebec,45.6833,-73.7833
Ramara,Ontario,44.6333,-79.2167
Notre-Dame-des-Prairies,Quebec,46.05,-73.4333
Leeds and the Thousand Islands,Ontario,44.45,-76.08
Brockton,Ontario,44.1667,-81.2167
Laurentian Valley,Ontario,45.7681,-77.2239
Mono,Ontario,44.0167,-80.0667
Sainte-Julienne,Quebec,45.97,-73.72
Qualicum Beach,British Columbia,49.35,-124.4333
Malahide,Ontario,42.7928,-80.9361
Oromocto,New Brunswick,45.8488,-66.4788
Whitecourt,Alberta,54.1417,-115.6833
Olds,Alberta,51.7928,-114.1067
Huron East,Ontario,43.63,-81.28
Beckwith,Ontario,45.0833,-76.0667
Labrador City,Newfoundland and Labrador,52.95,-66.9167
Shelburne,Ontario,44.0833,-80.2
Stanley,Manitoba,49.1331,-98.0656
Taber,Alberta,49.7847,-112.1508
Donnacona,Quebec,46.6747,-71.7294
Corman Park No. 344,Saskatchewan,52.2291,-106.8002
L'Epiphanie,Quebec,45.84826642,-73.50605408
West Perth,Ontario,43.47,-81.2
Campbellton,New Brunswick,48.005,-66.6731
Bridgewater,Nova Scotia,44.37,-64.52
Coaldale,Alberta,49.7333,-112.6167
Pont-Rouge,Quebec,46.75,-71.7
Champlain,Ontario,45.5333,-74.65
Coaticook,Quebec,45.1333,-71.8
Minto,Ontario,43.9167,-80.8667
La Peche,Quebec,45.6833,-75.9833
Shediac,New Brunswick,46.2167,-64.5333
Otterburn Park,Quebec,45.5333,-73.2167
Sainte-Brigitte-de-Laval,Quebec,47,-71.2
Sainte-Catherine-de-la-Jacques-Cartier,Quebec,46.85,-71.6167
South Bruce Peninsula,Ontario,44.7333,-81.2
Portugal Cove-St. Philip's,Newfoundland and Labrador,47.6272,-52.8506
Edson,Alberta,53.5817,-116.4344
Renfrew,Ontario,45.4717,-76.6831
Farnham,Quebec,45.2833,-72.9833
Delson,Quebec,45.37,-73.55
Plympton-Wyoming,Ontario,43.0167,-82.0833
Banff,Alberta,51.1781,-115.5719
Kapuskasing,Ontario,49.4167,-82.4333
La Malbaie,Quebec,47.65,-70.15
Boischatel,Quebec,46.9,-71.15
Beauport,Quebec,46.9667,-71.3
Zorra,Ontario,43.15,-80.95
Kitimat,British Columbia,54,-128.7
Macdonald,Manitoba,49.6725,-97.4472
Happy Valley,Newfoundland and Labrador,53.3396,-60.4467
Saint-Hippolyte,Quebec,45.93,-74.02
Dauphin,Manitoba,51.1992,-100.0633
Church Point,Nova Scotia,44.3333,-66.1167
Old Chelsea,Quebec,45.5,-75.7833
Drumheller,Alberta,51.4636,-112.7194
Kirkland Lake,Ontario,48.15,-80.0333
Aylmer,Ontario,42.7667,-80.9833
Saint-Apollinaire,Quebec,46.6167,-71.5167
Puslinch,Ontario,43.45,-80.1667
Argyle,Nova Scotia,43.8,-65.85
Torbay,Newfoundland and Labrador,47.65,-52.7333
Yarmouth,Nova Scotia,43.8361,-66.1175
Innisfail,Alberta,52.0333,-113.95
Nicolet,Quebec,46.2167,-72.6167
Rockwood,Manitoba,50.2856,-97.2869
Drummond/North Elmsley,Ontario,44.9667,-76.2
Contrecoeur,Quebec,45.85,-73.2333
Hanover,Ontario,44.15,-81.0333
Dryden,Ontario,49.7833,-92.8333
Iqaluit,Nunavut,63.7598,-68.5107
Fort Frances,Ontario,48.6167,-93.4
Goderich,Ontario,43.7333,-81.7
La Sarre,Quebec,48.8,-79.2
Chandler,Quebec,48.35,-64.6833
Stone Mills,Ontario,44.45,-76.9167
South-West Oxford,Ontario,42.95,-80.8
Acton Vale,Quebec,45.65,-72.5667
Douro-Dummer,Ontario,44.45,-78.1
Saint-Philippe,Quebec,45.35,-73.47
McNab/Braeside,Ontario,45.45,-76.5
Central Huron,Ontario,43.63,-81.57
Rigaud,Quebec,45.4833,-74.3
Louiseville,Quebec,46.25,-72.95
Chibougamau,Quebec,49.9167,-74.3667
Coteau-du-Lac,Quebec,45.3,-74.18
Ritchot,Manitoba,49.6647,-97.1167
Kimberley,British Columbia,49.6697,-115.9775
Blandford-Blenheim,Ontario,43.2333,-80.6
Bayham,Ontario,42.7333,-80.7833
Augusta,Ontario,44.7511,-75.6003
Stephenville,Newfoundland and Labrador,48.55,-58.5667
The Pas,Manitoba,53.825,-101.2533
St. Marys,Ontario,43.2583,-81.1333
Saint-Remi,Quebec,45.2667,-73.6167
Drayton Valley,Alberta,53.2222,-114.9769
Ponoka,Alberta,52.6833,-113.5667
Southgate,Ontario,44.1,-80.5833
Les Cedres,Quebec,45.3,-74.05
Baie-Saint-Paul,Quebec,47.45,-70.5
Merritt,British Columbia,50.1128,-120.7897
Bluewater,Ontario,43.45,-81.6
East Zorra-Tavistock,Ontario,43.2333,-80.7833
Brownsburg,Quebec,45.6703,-74.4467
Asbestos,Quebec,45.7667,-71.9333
Otonabee-South Monaghan,Ontario,44.2333,-78.2333
Huron-Kinloss,Ontario,44.05,-81.5333
Hampstead,Quebec,45.4833,-73.6333
Saint-Joseph-du-Lac,Quebec,45.5333,-74
Plessisville,Quebec,46.2167,-71.7833
The Blue Mountains,Ontario,44.4833,-80.3833
Whitewater Region,Ontario,45.7167,-76.8333
Edwardsburgh/Cardinal,Ontario,44.8333,-75.5
Sainte-Anne-des-Monts,Quebec,49.1333,-66.5
Bay Roberts,Newfoundland and Labrador,47.5847,-53.2783
Wainfleet,Ontario,42.925,-79.375
North Stormont,Ontario,45.2167,-75
Alnwick/Haldimand,Ontario,44.0833,-78.0333
Peace River,Alberta,56.2339,-117.2897
Saint-Lambert-de-Lauzon,Quebec,46.5865,-71.2271
Arran-Elderslie,Ontario,44.4,-81.2
Parry Sound,Ontario,45.3333,-80.0333
Val-Shefford,Quebec,45.35,-72.5667
West St. Paul,Manitoba,50.0119,-97.115
Slave Lake,Alberta,55.2853,-114.7706
Port-Cartier,Quebec,50.0333,-66.8667
Barrington,Nova Scotia,43.5646,-65.5639
Rocky Mountain House,Alberta,52.3753,-114.9217
Muskoka Falls,Ontario,45.1264,-79.558
Cornwall,Prince Edward Island,46.2407,-63.2009
Saint-Paul,Quebec,45.9833,-73.45
Devon,Alberta,53.3633,-113.7322
Perth,Ontario,44.9,-76.25
Wainwright,Alberta,52.8333,-110.8667
Shannon,Quebec,46.8833,-71.5167
Saint-Honore,Quebec,48.5333,-71.0833
Beaubassin East / Beaubassin-est,New Brunswick,46.1726,-64.3122
Bonnyville,Alberta,54.2667,-110.75
Cramahe,Ontario,44.0833,-77.8833
Beauceville,Quebec,46.2,-70.7833
North Middlesex,Ontario,43.15,-81.6333
Beaupre,Quebec,47.05,-70.9
Charlemagne,Quebec,45.7167,-73.4833
Kent,British Columbia,49.2833,-121.75
Clarenville,Newfoundland and Labrador,48.1566,-53.965
Mont-Joli,Quebec,48.58,-68.18
Pointe-Calumet,Quebec,45.5,-73.97
Dysart et al,Ontario,45.2042,-78.4047
Carbonear,Newfoundland and Labrador,47.7375,-53.2294
Hope,British Columbia,49.3858,-121.4419
Pontiac,Quebec,45.5833,-76.1333
L'Ange-Gardien,Quebec,45.5833,-75.45
Hindon Hill,Ontario,44.9333,-78.7333
La Broquerie,Manitoba,49.3994,-96.5103
Tweed,Ontario,44.6,-77.3333
Oliver Paipoonge,Ontario,48.39,-89.52
Saint-Felix-de-Valois,Quebec,46.17,-73.43
Melfort,Saskatchewan,52.8564,-104.61
Stettler,Alberta,52.3236,-112.7192
Niverville,Manitoba,49.6056,-97.0417
McMasterville,Quebec,45.55,-73.2333
Douglas,New Brunswick,46.2819,-66.942
Saint-Calixte,Quebec,45.95,-73.85
Lac-Megantic,Quebec,45.5833,-70.8833
Humboldt,Saskatchewan,52.2019,-105.1231
St. Paul,Alberta,53.9928,-111.2972
Saint-Henri,Quebec,46.7,-71.0667
Peachland,British Columbia,49.7736,-119.7369
Vercheres,Quebec,45.7833,-73.35
Richelieu,Quebec,45.45,-73.25
Petrolia,Ontario,42.8833,-82.1417
Southwest Middlesex,Ontario,42.75,-81.7
Front of Yonge,Ontario,44.5333,-75.8667
Oliver,British Columbia,49.1844,-119.55
Vegreville,Alberta,53.4928,-112.0522
Princeville,Quebec,46.1667,-71.8833
Saint-Cesaire,Quebec,45.4167,-73
Tay Valley,Ontario,44.8667,-76.3833
South Bruce,Ontario,44.0333,-81.2
Antigonish,Nova Scotia,45.6167,-61.9833
Crowsnest Pass,Alberta,49.5955,-114.5136
Redcliff,Alberta,50.0792,-110.7783
Val-David,Quebec,46.03,-74.22
Fernie,British Columbia,49.5042,-115.0628
Windsor,Nova Scotia,44.9803,-64.1292
Notre-Dame-du-Mont-Carmel,Quebec,46.4833,-72.65
Sainte-Martine,Quebec,45.25,-73.8
Creston,British Columbia,49.09,-116.51
Saint-Roch-de-l'Achigan,Quebec,45.85,-73.6
Sussex,New Brunswick,45.7167,-65.5167
Saint-Pie,Quebec,45.5,-72.9
Ashfield-Colborne-Wawanosh,Ontario,43.8667,-81.6
Trent Lakes,Ontario,44.6667,-78.4333
Northern Rockies,British Columbia,59,-123.75
Gananoque,Ontario,44.33,-76.17
Windsor,Quebec,45.5667,-72
Smithers,British Columbia,54.7819,-127.1681
Tracadie,New Brunswick,47.51431428,-64.91885956
Meadow Lake,Saskatchewan,54.1242,-108.4358
Lanark Highlands,Ontario,45.088,-76.517
Sackville,New Brunswick,45.9,-64.3667
Grand Falls,New Brunswick,47.0344,-67.7394
Armstrong,British Columbia,50.4483,-119.1961
Cochrane,Ontario,49.0667,-81.0167
La Ronge,Saskatchewan,55.1,-105.3
Marystown,Newfoundland and Labrador,47.1667,-55.1667
Sioux Lookout,Ontario,50.1,-91.9167
Didsbury,Alberta,51.6658,-114.1311
Deer Lake,Newfoundland and Labrador,49.1744,-57.4269
Woodstock,New Brunswick,46.1522,-67.5983
Flin Flon,Saskatchewan,54.7667,-101.8778
Brokenhead,Manitoba,50.1428,-96.5319
Burton,New Brunswick,45.8009,-66.4066
Montreal-Ouest,Quebec,45.4536,-73.6472
Spallumcheen,British Columbia,50.4462,-119.2121
Westlock,Alberta,54.1522,-113.8511
Temiscouata-sur-le-Lac,Quebec,47.68,-68.88
Osoyoos,British Columbia,49.0325,-119.4661
Saint Marys,New Brunswick,46.1748,-66.4897
Hearst,Ontario,49.6869,-83.6544
Metchosin,British Columbia,48.3819,-123.5378
Wolfville,Nova Scotia,45.0833,-64.3667
Breslau,Ontario,43.4816,-80.408
Stonewall,Manitoba,50.1344,-97.3261
Memramcook,New Brunswick,46,-64.55
Sainte-Anne-de-Bellevue,Quebec,45.4039,-73.9525
Stirling-Rawdon,Ontario,44.3667,-77.5917
Mont-Orford,Quebec,45.3661,-72.1838
Ste. Anne,Manitoba,49.6186,-96.5708
Espanola,Ontario,46.25,-81.7667
West Elgin,Ontario,42.5833,-81.6667
Flin Flon (Part),Manitoba,54.7712,-101.8419
Grand Bay-Westfield,New Brunswick,45.3608,-66.2415
East Ferris,Ontario,46.2667,-79.3
Neepawa,Manitoba,50.2289,-99.4656
North Huron,Ontario,43.83,-81.42
Saint-Germain-de-Grantham,Quebec,45.8333,-72.5667
Saint-Cyrille-de-Wendover,Quebec,45.9333,-72.4333
Chisasibi,Quebec,53.6645,-78.7938
Southwold,Ontario,42.75,-81.3167
Chertsey,Quebec,46.17,-73.92
Shippagan,New Brunswick,47.8557,-64.6012
Lanoraie,Quebec,45.9667,-73.2167
Centre Hastings,Ontario,44.4167,-77.4417
Coverdale,New Brunswick,46.0003,-64.8859
Warwick,Quebec,45.95,-71.9833
Hanwell,New Brunswick,45.8681,-66.7947
Napierville,Quebec,45.1833,-73.4
Waterloo,Quebec,45.35,-72.5167
Saint-Joseph-de-Beauce,Quebec,46.3,-70.8833
White City,Saskatchewan,50.4353,-104.3572
Lucan Biddulph,Ontario,43.2,-81.3833
Berthierville,Quebec,46.0833,-73.1833
Riviere-Rouge,Quebec,46.4167,-74.8667
Greenstone,Ontario,50,-86.7333
Kindersley,Saskatchewan,51.4678,-109.1567
Saint-Denis-de-Brompton,Quebec,45.45,-72.0833
Jasper,Alberta,52.9013,-118.1312
Barrhead,Alberta,54.1167,-114.4
Melville,Saskatchewan,50.9306,-102.8078
Amqui,Quebec,48.4667,-67.4333
Saint-Mathias-sur-Richelieu,Quebec,45.4667,-73.2667
Tyendinaga,Ontario,44.3,-77.2
Iroquois Falls,Ontario,48.7667,-80.6667
Havelock-Belmont-Methuen,Ontario,44.5667,-77.9
Cornwallis,Manitoba,49.7981,-99.8481
Saint-Boniface,Quebec,46.5,-72.8167
Westbank,British Columbia,49.8423,-119.6743
Edenwold No. 158,Saskatchewan,50.5166,-104.3451
Cumberland,British Columbia,49.6206,-125.0261
Goulds,Newfoundland and Labrador,47.4517,-52.7647
Vanderhoof,British Columbia,54.0143,-124.0089
Chateau-Richer,Quebec,46.9667,-71.0167
Saint Stephen,New Brunswick,45.2,-67.2833
Nipawin,Saskatchewan,53.3572,-104.0192
Battleford,Saskatchewan,52.7383,-108.3153
Hampton,New Brunswick,45.52514912,-65.84254614
Montreal-Est,Quebec,45.63,-73.52
Central Frontenac,Ontario,44.7167,-76.8
Saint-Antonin,Quebec,47.7667,-69.4833
Saint-Jean-de-Matha,Quebec,46.23,-73.53
Headingley,Manitoba,49.8681,-97.3908
Seguin,Ontario,45.2882,-79.8116
Beresford,New Brunswick,47.6992726,-65.70507484
La Pocatiere,Quebec,47.3667,-70.0333
Bowen Island,British Columbia,49.3833,-123.3833
Caraquet,New Brunswick,47.7853,-64.9592
Altona,Manitoba,49.1044,-97.5625
Roxton Pond,Quebec,45.4833,-72.6667
Saint-Etienne-des-Gres,Quebec,46.4333,-72.7667
Grand Forks,British Columbia,49.0333,-118.44
New Maryland,New Brunswick,45.8911,-66.6847
Port Hardy,British Columbia,50.7225,-127.4928
Saint-Donat,Quebec,46.3167,-74.2167
Madawaska Valley,Ontario,45.5,-77.6667
Deep River,Ontario,46.1,-77.4917
Asphodel-Norwood,Ontario,44.3531,-78.0183
Red Lake,Ontario,51.0333,-93.8333
Metabetchouan-Lac-a-la-Croix,Quebec,48.4333,-71.8667
Maniwaki,Quebec,46.375,-75.9667
Vermilion,Alberta,53.3542,-110.8528
Hastings Highlands,Ontario,45.2333,-77.9333
Prescott,Ontario,44.7167,-75.5167
Carstairs,Alberta,51.5619,-114.0953
Danville,Quebec,45.7833,-72.0167
Channel-Port aux Basques,Newfoundland and Labrador,47.5694,-59.1361
Lac-Etchemin,Quebec,46.4,-70.5
Saint-Jacques,Quebec,45.95,-73.5667
Swan River,Manitoba,52.1058,-101.2667
Stellarton,Nova Scotia,45.5567,-62.66
Northern Bruce Peninsula,Ontario,45.08,-81.38
L'Islet-sur-Mer,Quebec,47.1,-70.35
Carleton-sur-Mer,Quebec,48.1,-66.1333
Sparwood,British Columbia,49.7331,-114.8853
Casselman,Ontario,45.3,-75.0833
Oka,Quebec,45.47,-74.08
Callander,Ontario,46.1781,-79.4125
Amaranth,Ontario,43.9833,-80.2333
Marmora and Lake,Ontario,44.6425,-77.7372
Raymond,Alberta,49.4658,-112.6508
Morin-Heights,Quebec,45.9,-74.25
Dundas,New Brunswick,46.3155,-64.6947
Simonds,New Brunswick,45.3145,-65.803
Crabtree,Quebec,45.9667,-73.4667
Bancroft,Ontario,45.05,-77.85
Saint-Tite,Quebec,46.7333,-72.5667
Howick,Ontario,43.9,-81.07
Dutton/Dunwich,Ontario,42.6667,-81.5
New Richmond,Quebec,48.1667,-65.8667
Perth South,Ontario,43.3,-81.15
Claresholm,Alberta,50.0194,-113.5783
Baie-d'Urfe,Quebec,45.4167,-73.9167
Montague,Ontario,44.9667,-75.9667
Saint-Andre-Avellin,Quebec,45.7167,-75.0667
Saint-Ambroise-de-Kildare,Quebec,46.0833,-73.55
East Angus,Quebec,45.4833,-71.6667
Rossland,British Columbia,49.0786,-117.7992
Mackenzie,British Columbia,55.3381,-123.0944
Golden,British Columbia,51.3019,-116.9667
Saint-Adolphe-d'Howard,Quebec,45.97,-74.33
Warwick,Ontario,43,-81.8917
Bonnechere Valley,Ontario,45.5333,-77.1
Pincher Creek,Alberta,49.4861,-113.95
Alnwick,New Brunswick,47.2656,-65.2292
Saint-Prosper,Quebec,46.2167,-70.4833
Crossfield,Alberta,51.4333,-114.0333
Ormstown,Quebec,45.13,-74
Cardston,Alberta,49.2025,-113.3019
De Salaberry,Manitoba,49.4403,-96.9844
Grande Cache,Alberta,53.8773,-119.1199
Saint-Agapit,Quebec,46.5667,-71.4333
Fruitvale,British Columbia,49.09869377,-117.5633821
Saint-Ambroise,Quebec,48.55,-71.3333
Westville,Nova Scotia,45.55,-62.7
Hay River,Northwest Territories,60.7531,-115.9004
Pasadena,Newfoundland and Labrador,49.0161,-57.605
Mistissini,Quebec,50.5707,-73.6829
Studholm,New Brunswick,45.8133,-65.5747
Lorette,Manitoba,49.7414,-96.8761
Saint-Faustin--Lac-Carre,Quebec,46.0813,-74.4668
Morris-Turnberry,Ontario,43.85,-81.25
Placentia,Newfoundland and Labrador,47.2458,-53.9611
Saint-Pascal,Quebec,47.5333,-69.8
Mulmur,Ontario,44.1917,-80.1083
Blind River,Ontario,46.1833,-82.95
Dunham,Quebec,45.1333,-72.8
High Level,Alberta,58.5169,-117.1361
Havre-Saint-Pierre,Quebec,50.2333,-63.6
Saint-Anselme,Quebec,46.6333,-70.9667
Trois-Pistoles,Quebec,48.12,-69.18
Grande-Riviere,Quebec,48.4,-64.5
Malartic,Quebec,48.1333,-78.1333
Bonavista,Newfoundland and Labrador,48.6597,-53.1208
Prince Albert No. 461,Saskatchewan,53.1089,-105.6574
Saint-Maurice,Quebec,46.4667,-72.5333
Killarney - Turtle Mountain,Manitoba,49.1775,-99.6906
Woodlands,Manitoba,50.2408,-97.7358
Lewisporte,Newfoundland and Labrador,49.23,-55.07
Invermere,British Columbia,50.5083,-116.0303
Bifrost-Riverton,Manitoba,51.0603,-97.1436
Ascot Corner,Quebec,45.45,-71.7667
Cartier,Manitoba,49.9161,-97.7
Fossambault-sur-le-Lac,Quebec,46.8667,-71.6167
Sainte-Anne-des-Lacs,Quebec,45.85,-74.1333
Saint-Sulpice,Quebec,45.8333,-73.35
Penhold,Alberta,52.1333,-113.8667
Powassan,Ontario,46.0825,-79.3619
Highlands East,Ontario,44.9667,-78.25
Saint-Alphonse-de-Granby,Quebec,45.3333,-72.8167
Sainte-Claire,Quebec,46.6,-70.8667
Bright,New Brunswick,46.1205,-67.0545
Ellison,British Columbia,49.9646,-119.3178
Perce,Quebec,48.5333,-64.2167
Saint-Jean-Port-Joli,Quebec,47.2167,-70.2667
East Hawkesbury,Ontario,45.5167,-74.4667
Buckland No. 491,Saskatchewan,53.3276,-105.7804
Saint-Andre-d'Argenteuil,Quebec,45.5667,-74.3333
Saint-Come--Liniere,Quebec,46.0667,-70.5167
Marathon,Ontario,48.75,-86.3667
Forestville,Quebec,48.7333,-69.0833
Compton,Quebec,45.2333,-71.8167
Shuniah,Ontario,48.5833,-88.8333
Inuvik,Northwest Territories,68.3407,-133.6096
Richmond,Quebec,45.6667,-72.15
Lake Cowichan,British Columbia,48.8258,-124.0542
Saint-Gabriel-de-Valcartier,Quebec,46.9333,-71.4667
Gibbons,Alberta,53.8278,-113.3228
Sables-Spanish Rivers,Ontario,46.2333,-82
Hillsburg-Roblin-Shell River,Manitoba,51.3343,-101.2929
Port Hawkesbury,Nova Scotia,45.6153,-61.3642
Three Hills,Alberta,51.7072,-113.2647
Kingston,New Brunswick,45.4663,-66.0217
Paspebiac,Quebec,48.0333,-65.25
Saint-Thomas,Quebec,46.0167,-73.35
Saint-Jean-Baptiste,Quebec,45.5167,-73.1167
Portneuf,Quebec,46.7,-71.8833
Pictou,Nova Scotia,45.6814,-62.7119
Tisdale,Saskatchewan,52.85,-104.05
Lake of Bays,Ontario,45.3043,-79.018
Bishops Falls,Newfoundland and Labrador,49.0167,-55.5167
WestLake-Gladstone,Manitoba,50.2862,-98.8415
Normandin,Quebec,48.8333,-72.5333
Mitchell,Manitoba,49.5363,-96.7634
Saint-Alphonse-Rodriguez,Quebec,46.1833,-73.7
Beausejour,Manitoba,50.0622,-96.5161
Dalhousie,New Brunswick,48.1,-66.6167
Val-Morin,Quebec,46,-74.18
Lac du Bonnet,Manitoba,50.2577,-96.1209
Clermont,Quebec,47.6833,-70.2333
Virden,Manitoba,49.8508,-100.9317
Saint-Christophe-d'Arthabaska,Quebec,46.0333,-71.8833
Mont-Saint-Gregoire,Quebec,45.3333,-73.1667
Thurso,Quebec,45.5969,-75.2433
Wellington,New Brunswick,46.4768,-64.7478
Cedar,British Columbia,49.0853,-123.8259
Saint-Gabriel,Quebec,46.3,-73.3833
Merrickville,Ontario,44.8539,-75.8269
Saint-Liboire,Quebec,45.65,-72.7667
Degelis,Quebec,47.55,-68.65
Morris,Manitoba,49.3986,-97.4592
Saint-Alexis-des-Monts,Quebec,46.4667,-73.1333
Cap-Saint-Ignace,Quebec,47.0333,-70.4667
Fort Macleod,Alberta,49.7256,-113.3975
Enderby,British Columbia,50.5508,-119.1397
Carman,Manitoba,49.4992,-98.0008
Saint-Anaclet-de-Lessard,Quebec,48.48,-68.42
Stoke,Quebec,45.5333,-71.8
Adelaide-Metcalfe,Ontario,42.95,-81.7
Melancthon,Ontario,44.15,-80.2667
Cap Sante,Quebec,46.6667,-71.7833
Saint-David-de-Falardeau,Quebec,48.6167,-71.1167
Harbour Grace,Newfoundland and Labrador,47.6917,-53.2167
Houston,British Columbia,54.3975,-126.6419
Springdale,Newfoundland and Labrador,49.4974,-56.0727
Pemberton,British Columbia,50.3203,-122.8053
Athabasca,Alberta,54.7197,-113.2856
Saint-Ferreol-les-Neiges,Quebec,47.1167,-70.85
Laurentian Hills,Ontario,46.1333,-77.55
Grand Valley,Ontario,43.95,-80.3667
Senneterre,Quebec,48.3833,-77.2333
Saint-Mathieu-de-Beloeil,Quebec,45.5667,-73.2
Sainte-Marie-Madeleine,Quebec,45.6,-73.1
Admaston/Bromley,Ontario,45.5292,-76.8969
North Algona Wilberforce,Ontario,45.6167,-77.2
Errington,British Columbia,49.2874,-124.3433
Wawa,Ontario,47.9931,-84.7736
Sainte-Melanie,Quebec,46.1333,-73.5167
Horton,Ontario,45.5,-76.6667
Saint-Paul-d'Abbotsford,Quebec,45.4333,-72.8833
Saint-Michel,Quebec,45.2333,-73.5667
Botwood,Newfoundland and Labrador,49.15,-55.3667
Coalhurst,Alberta,49.7457,-112.9319
Saint-Marc-des-Carrieres,Quebec,46.6833,-72.05
Stanstead,Quebec,45.0167,-72.1
Sainte-Anne-de-Beaupre,Quebec,47.0167,-70.9333
Sainte-Luce,Quebec,48.55,-68.38
Saint-Joseph-de-Sorel,Quebec,46.0446,-73.1308
Rankin Inlet,Nunavut,62.83,-92.1321
Kingsclear,New Brunswick,45.8796,-66.8695
Princeton,British Columbia,49.4589,-120.506
La Loche,Saskatchewan,56.4833,-109.4333
Ferme-Neuve,Quebec,46.7,-75.45
Yamachiche,Quebec,46.2667,-72.8333
Adstock,Quebec,46.05,-71.08
Cowichan Bay,British Columbia,48.7666,-123.6743
Vanscoy No. 345,Saskatchewan,52.0073,-107.0552
Enniskillen,Ontario,42.8167,-82.125
Royston,British Columbia,49.6405,-124.9406
Bonaventure,Quebec,48.05,-65.4833
Pohenegamook,Quebec,47.4667,-69.2167
Saint-Isidore,Quebec,45.3,-73.68
Wakefield,New Brunswick,46.2406,-67.6248
Arviat,Nunavut,61.0996,-94.1688
Sainte-Marguerite-du-Lac-Masson,Quebec,46.056,-74.0723
Saint-Prime,Quebec,48.58,-72.33
Kuujjuaq,Quebec,58.1429,-68.3742
Atikokan,Ontario,48.75,-91.6167
Grenville-sur-la-Rouge,Quebec,45.65,-74.6333
North Cypress-Langford,Manitoba,49.9969,-99.3982
Saint-Dominique,Quebec,45.5667,-72.85
Macamic,Quebec,48.75,-79
Sainte-Anne-de-Sorel,Quebec,46.05,-73.0667
Sundre,Alberta,51.7972,-114.6406
Rougemont,Quebec,45.4333,-73.05
Piedmont,Quebec,45.9,-74.13
Grimshaw,Alberta,56.1908,-117.6117
Lac-des-Ecorces,Quebec,46.55,-75.35
Markstay,Ontario,46.4912,-80.4717
Northeastern Manitoulin and the Islands,Ontario,45.9667,-81.9333
Pelican Narrows,Saskatchewan,55.1883,-102.9342
McDougall,Ontario,45.45,-80.0167
Black Diamond,Alberta,50.6881,-114.2333
Saint-Pamphile,Quebec,46.9667,-69.7833
Bedford,Quebec,45.1167,-72.9833
Weedon-Centre,Quebec,45.7,-71.4667
Lacolle,Quebec,45.0833,-73.3667
Saint-Gabriel-de-Brandon,Quebec,46.2667,-73.3833
Huntingdon,Quebec,45.08,-74.17
French River / Riviere des Francais,Ontario,46.1667,-80.5
Spaniards Bay,Newfoundland and Labrador,47.6181,-53.3369
Cocagne,New Brunswick,46.3406,-64.62
Pilot Butte,Saskatchewan,50.4667,-104.4167
Saint-Bruno,Quebec,48.4667,-71.65
Laurier-Station,Quebec,46.5333,-71.6333
Saint-Anicet,Quebec,45.12,-74.35
Cap-Chat,Quebec,49.1,-66.6833
Sexsmith,Alberta,55.3508,-118.7825
Notre-Dame-de-Lourdes,Quebec,46.1,-73.4333
Ville-Marie,Quebec,47.3333,-79.4333
Wickham,Quebec,45.75,-72.5
Shippegan,New Brunswick,47.7439,-64.7178
East Garafraxa,Ontario,43.85,-80.25
Unity,Saskatchewan,52.4333,-109.1667
Rimbey,Alberta,52.6333,-114.2167
High Prairie,Alberta,55.4325,-116.4861
Turner Valley,Alberta,50.6739,-114.2786
Hanna,Alberta,51.6383,-111.9419
Neuville,Quebec,46.7,-71.5833
Fort Smith,Northwest Territories,60.026,-112.0821
Maria,Quebec,48.1667,-65.9833
Saint-Chrysostome,Quebec,45.1,-73.7667
Greater Madawaska,Ontario,45.2722,-76.8589
Berwick,Nova Scotia,45.0475,-64.736
Saint-Damase,Quebec,45.5333,-73
Disraeli,Quebec,45.9,-71.35
Meadow Lake No. 588,Saskatchewan,54.1213,-108.2837
Elkford,British Columbia,50.0214,-114.9158
Georgian Bay,Ontario,44.9833,-79.8167
Saint-Alexandre,Quebec,45.2333,-73.1167
Herbertville,Quebec,48.3473,-71.6784
Moosomin,Saskatchewan,50.142,-101.67
Highlands,British Columbia,48.52,-123.5
North Kawartha,Ontario,44.75,-78.1
Sainte-Thecle,Quebec,46.8167,-72.5
Fermont,Quebec,52.7833,-67.0833
Esterhazy,Saskatchewan,50.65,-102.0667
Holyrood,Newfoundland and Labrador,47.3833,-53.1333
La Presentation,Quebec,45.6667,-73.05
Beaverlodge,Alberta,55.2094,-119.4292
Sainte-Catherine-de-Hatley,Quebec,45.25,-72.05
Saint-Basile,Quebec,46.75,-71.8167
Saint-Raphael,Quebec,46.8,-70.75
Saint-Martin,Quebec,45.9667,-70.65
Causapscal,Quebec,48.3667,-67.2333
Brigham,Quebec,45.25,-72.85
Sainte-Victoire-de-Sorel,Quebec,45.95,-73.0833
Perry,Ontario,45.5,-79.2833
Port-Daniel--Gascons,Quebec,48.1833,-64.9667
Rosetown,Saskatchewan,51.55,-107.9833
Minnedosa,Manitoba,50.2453,-99.8428
Labelle,Quebec,46.2833,-74.7333
Lincoln,New Brunswick,45.8716,-66.5437
Black River-Matheson,Ontario,48.5333,-80.4667
Saint-Michel-des-Saints,Quebec,46.6833,-73.9167
Dufferin,Manitoba,49.5319,-98.07
Saint-Victor,Quebec,46.15,-70.9
Sicamous,British Columbia,50.8378,-118.9703
Cap Pele,New Brunswick,46.2172,-64.2822
Kelsey,Manitoba,53.7356,-101.395
"Killaloe, Hagarty and Richards",Ontario,45.6,-77.5
Alvinston,Ontario,42.8489,-81.9049
Trenton,Nova Scotia,45.6193,-62.6332
Lunenburg,Nova Scotia,44.3833,-64.3167
Saint-Ephrem-de-Beauce,Quebec,46.0516,-70.9374
Chase,British Columbia,50.8189,-119.6844
Lery,Quebec,45.35,-73.8
Assiniboia,Saskatchewan,49.6167,-105.9833
Tumbler Ridge,British Columbia,55.1333,-121
Salisbury,New Brunswick,46.03778842,-65.04790599
Temiscaming,Quebec,46.7167,-79.1
Magrath,Alberta,49.4239,-112.8683
Sainte-Genevieve-de-Berthier,Quebec,46.0833,-73.2167
Logy Bay-Middle Cove-Outer Cove,Newfoundland and Labrador,47.63,-52.68
Buctouche,New Brunswick,46.4719,-64.7249
Grand Manan,New Brunswick,44.69,-66.82
Sainte-Madeleine,Quebec,45.6,-73.1
Anmore,British Columbia,49.3144,-122.8564
Sainte-Croix,Quebec,46.62,-71.73
Algonquin Highlands,Ontario,45.4,-78.75
Valcourt,Quebec,45.5,-72.3167
Gimli,Manitoba,50.63309122,-96.99232943
Saint George,New Brunswick,45.2916,-66.8501
Saint-Mathieu,Quebec,45.3167,-73.5164
Paquetville,New Brunswick,47.6334,-65.1803
Clearwater,British Columbia,51.65,-120.0333
Addington Highlands,Ontario,45,-77.25
Lillooet,British Columbia,50.6864,-121.9364
Burin,Newfoundland and Labrador,47.05,-55.18
Grand Bank,Newfoundland and Labrador,47.1,-55.7833
Waterville,Quebec,45.2667,-71.9
Minto,New Brunswick,46.1497,-66.1067
Rosthern No. 403,Saskatchewan,52.6206,-106.3967
Mansfield-et-Pontefract,Quebec,45.8611,-76.7392
Saint-Denis,Quebec,45.7833,-73.15
Gore,Quebec,45.77,-74.25
Outlook,Saskatchewan,51.5,-107.05
Saint-Gedeon-de-Beauce,Quebec,45.85,-70.6333
Saint-Leonard-d'Aston,Quebec,46.1,-72.3667
Fort-Coulonge,Quebec,45.85,-76.7333
Albanel,Quebec,48.8833,-72.45
St. Anthony,Newfoundland and Labrador,51.3725,-55.5947
Pessamit,Quebec,49.0485,-68.6814
Logan Lake,British Columbia,50.4911,-120.8153
Maskinonge,Quebec,46.2333,-73.0167
Saint-Charles-de-Bellechasse,Quebec,46.7667,-70.95
Fogo Island,Newfoundland and Labrador,49.6667,-54.1833
Neebing,Ontario,48.1833,-89.4667
Port McNeill,British Columbia,50.5903,-127.0847
Hatley,Quebec,45.27,-71.95
East Broughton,Quebec,46.2167,-71.0667
Saint-Polycarpe,Quebec,45.3,-74.3
Deschambault,Quebec,46.6436,-72.0236
Canora,Saskatchewan,51.6339,-102.4369
Upper Miramichi,New Brunswick,46.5254,-66.2085
Tofino,British Columbia,49.1275,-125.8852
Hardwicke,New Brunswick,47.0208,-65.0302
Wendake,Quebec,46.8693,-71.3628
Saint-Come,Quebec,46.27,-73.78
Waskaganish,Quebec,51.3674,-78.7069
Twillingate,Newfoundland and Labrador,49.6444,-54.7436
Saint-Quentin,New Brunswick,47.5135,-67.3921
Lebel-sur-Quevillon,Quebec,49.05,-76.9833
Calmar,Alberta,53.25,-113.7833
Nanton,Alberta,50.3494,-113.7717
Pierreville,Quebec,46.0667,-72.8167
New-Wes-Valley,Newfoundland and Labrador,49.15,-53.5833
Pennfield Ridge,New Brunswick,45.1924,-66.6858
Northesk,New Brunswick,47.2569,-66.2613
West Interlake,Manitoba,50.9837,-98.3572
Biggar,Saskatchewan,52.059,-107.979
Kent,New Brunswick,46.6221,-67.2953
Maple Creek,Saskatchewan,49.9167,-109.4667
Wabana,Newfoundland and Labrador,47.65,-52.9333
Bonfield,Ontario,46.2167,-79.1333
Saint-Gilles,Quebec,46.5167,-71.3667
Saint-Bernard,Quebec,46.5,-71.1333
Sainte-Cecile-de-Milton,Quebec,45.4833,-72.75
Saint-Roch-de-Richelieu,Quebec,45.8833,-73.1667
Burns Lake,British Columbia,54.2292,-125.7625
Redwater,Alberta,53.9489,-113.1067
Saint-Nazaire,Quebec,48.5833,-71.5333
Westfield Beach,New Brunswick,45.3432,-66.2868
Saltair,British Columbia,48.9504,-123.7637
Saint-Elzear,Quebec,46.4,-71.0667
Hinchinbrooke,Quebec,45.05,-74.1
Dundurn No. 314,Saskatchewan,51.8261,-106.5416
Saint-Francois-Xavier-de-Brompton,Quebec,45.5333,-72.05
Papineauville,Quebec,45.6167,-75.0167
Prairie View,Manitoba,50.3304,-100.9803
Saint-Ignace-de-Loyola,Quebec,46.0667,-73.1333
Central Manitoulin,Ontario,45.7167,-82.2
Glovertown,Newfoundland and Labrador,48.6667,-54.05
Tofield,Alberta,53.3703,-112.6667
Madoc,Ontario,44.5833,-77.5167
Sainte-Anne-de-Sabrevois,Quebec,45.2,-73.2167
Sainte-Anne-de-la-Perade,Quebec,46.5833,-72.2
Saint-Damien-de-Buckland,Quebec,46.6333,-70.6667
Baker Lake,Nunavut,64.3287,-96.0308
Saint-Ferdinand,Quebec,46.1,-71.5667
Pouch Cove,Newfoundland and Labrador,47.767,-52.767
Britannia No. 502,Saskatchewan,53.4236,-109.7772
Saint-Fulgence,Quebec,48.45,-70.9
Digby,Nova Scotia,44.6222,-65.7606
Manouane,Quebec,47.2091,-74.3833
Saint-Gervais,Quebec,46.7167,-70.8833
Saint-Alexandre-de-Kamouraska,Quebec,47.6817,-69.625
Saint-Marc-sur-Richelieu,Quebec,45.6833,-73.2
Mandeville,Quebec,46.3667,-73.35
Caplan,Quebec,48.1,-65.6833
Allardville,New Brunswick,47.4321,-65.4383
Saint-Damien,Quebec,46.33,-73.48
Lac-Nominingue,Quebec,46.4,-75.0333
Obedjiwan,Quebec,48.6686,-74.9289
Rama,Saskatchewan,51.7578,-103.0008
Deloraine-Winchester,Manitoba,49.1775,-100.4322
Oakland-Wawanesa,Manitoba,49.6208,-99.8481
Brenda-Waskada,Manitoba,49.1775,-100.7019
Russell-Binscarth,Manitoba,50.7272,-101.3689
Ellice-Archie,Manitoba,50.3239,-101.2729
Souris-Glenwood,Manitoba,49.6208,-100.2581
Riverdale,Manitoba,49.975,-100.2789
Pembina,Manitoba,49.1775,-98.5408
Wallace-Woodworth,Manitoba,49.9156,-100.9389
Lorne,Manitoba,49.4436,-98.7494
Yellowhead,Manitoba,50.4847,-100.4828
Swan Valley West,Manitoba,51.9978,-101.3944
Grey,Manitoba,49.7094,-98.0736
Gilbert Plains,Manitoba,51.1547,-100.4381
Norfolk-Treherne,Manitoba,49.6653,-98.5967
Emerson-Franklin,Manitoba,49.1333,-97.0331
Sifton,Manitoba,49.6653,-100.6678
Grassland,Manitoba,49.4306,-100.3103
Louise,Manitoba,49.1772,-98.8794
Ste. Rose,Manitoba,51.0222,-99.4306
Cartwright-Roblin,Manitoba,49.1331,-99.2797
Mossey River,Manitoba,51.755,-99.9664
Lakeshore,Manitoba,51.244,-99.6562
Riding Mountain West,Manitoba,50.8347,-101.0961
Clanwilliam-Erickson,Manitoba,50.5061,-99.8156
Glenboro-South Cypress,Manitoba,49.665,-99.3708
North Norfolk,Manitoba,49.9308,-98.8356
Reinland,Manitoba,49.1331,-97.5942
Minitonas-Bowsman,Manitoba,52.1433,-100.9772
Kippens,Newfoundland and Labrador,48.5492,-58.6236
Saint-Gedeon,Quebec,48.5,-71.7667
Lumby,British Columbia,50.2494,-118.9656
Kingsey Falls,Quebec,45.85,-72.0667
Provost,Alberta,52.3539,-110.2686
Saint-Charles,New Brunswick,46.6692,-65.0184
Swift Current No. 137,Saskatchewan,50.2211,-107.8559
Mattawa,Ontario,46.3167,-78.7
Blucher,Saskatchewan,52.0134,-106.2176
L'Ascension-de-Notre-Seigneur,Quebec,48.7,-71.6833
Bow Island,Alberta,49.8667,-111.3667
Barraute,Quebec,48.4333,-77.6333
One Hundred Mile House,British Columbia,51.6413,-121.3127
Saint-Liguori,Quebec,46.0167,-73.5667
Saint Mary,New Brunswick,46.3987,-64.8681
Saint-Patrice-de-Sherrington,Quebec,45.1667,-73.5167
Fox Creek,Alberta,54.395,-116.8092
Lumsden No. 189,Saskatchewan,50.6734,-104.7686
Dawn-Euphemia,Ontario,42.7,-82.0167
Chapleau,Ontario,47.8333,-83.4
Saint-Esprit,Quebec,45.9,-73.6667
Montague,Prince Edward Island,46.1652,-62.65
Mashteuiatsh,Quebec,48.569,-72.2495
Saint-Francois-du-Lac,Quebec,46.0667,-72.8333
Petit Rocher,New Brunswick,47.7839,-65.7159
Eel River Crossing,New Brunswick,48.0125,-66.4208
Millet,Alberta,53.0978,-113.4728
Ucluelet,British Columbia,48.9358,-125.5433
Vallee-Jonction,Quebec,46.3667,-70.9167
Manitouwadge,Ontario,49.1333,-85.8333
Wellington,Ontario,43.9579,-77.3534
Frontenac Islands,Ontario,44.2,-76.3833
Point Edward,Ontario,42.9931,-82.4083
Picture Butte,Alberta,49.8731,-112.78
Manners Sutton,New Brunswick,45.6417,-67.0609
Fort Qu'Appelle,Saskatchewan,50.7667,-103.7833
Vulcan,Alberta,50.4,-113.25
Chetwynd,British Columbia,55.6972,-121.6333
Indian Head,Saskatchewan,50.5333,-103.6667
Wabush,Newfoundland and Labrador,52.9081,-66.869
Saint-Fabien,Quebec,48.3,-68.87
Harrison Hot Springs,British Columbia,49.3,-121.7819
Watrous,Saskatchewan,51.6841,-105.4661
North Frontenac,Ontario,44.95,-76.9
Lac-Superieur,Quebec,46.2,-74.4667
Les Escoumins,Quebec,48.35,-69.4
Richibucto,New Brunswick,46.6189,-64.8385
Terrasse-Vaudreuil,Quebec,45.4,-73.9833
Riviere-Beaudette,Quebec,45.2333,-74.3333
Orkney No. 244,Saskatchewan,51.2557,-102.6469
Saint-Barthelemy,Quebec,46.1833,-73.1333
Komoka,Ontario,42.958,-81.4001
Nisga'a,British Columbia,55.1078,-129.4293
Austin,Quebec,45.1833,-72.2833
Saint-Paul-de-l'Ile-aux-Noix,Quebec,45.1333,-73.2833
Behchoko,Northwest Territories,62.8184,-115.9933
Saint-Cyprien-de-Napierville,Quebec,45.1833,-73.4167
Valleyview,Alberta,55.0686,-117.2683
Deleage,Quebec,46.3833,-75.9167
Potton,Quebec,45.0833,-72.3667
Sainte-Beatrix,Quebec,46.2,-73.6167
Saint-Georges-de-Cacouna,Quebec,47.9167,-69.5
Lakeview,British Columbia,49.9026,-119.5699
Sainte-Justine,Quebec,46.4,-70.35
Saint-Valerien-de-Milton,Quebec,45.5667,-72.7167
Saint-Cuthbert,Quebec,46.15,-73.2333
Saint-Blaise-sur-Richelieu,Quebec,45.2167,-73.2833
Middleton,Nova Scotia,44.9418,-65.0686
Kamsack,Saskatchewan,51.565,-101.8947
Carberry,Manitoba,49.8689,-99.3594
Saint-Joseph-de-Coleraine,Quebec,45.97,-71.37
Trinity Bay North,Newfoundland and Labrador,48.4978,-53.086
Pointe-Lebel,Quebec,49.1667,-68.2
Grenville,Quebec,45.6333,-74.6
Saint-Michel-de-Bellechasse,Quebec,46.8667,-70.9167
Sainte-Angele-de-Monnoir,Quebec,45.3833,-73.1
Champlain,Quebec,46.45,-72.35
Sacre-Coeur-Saguenay,Quebec,48.2479,-69.854
Saint-Louis,New Brunswick,46.7048,-65.1046
Saint-Lucien,Quebec,45.8667,-72.2667
Victoria,Newfoundland and Labrador,47.7675,-53.2411
Lumsden,Saskatchewan,50.6463,-104.8676
Saint-Robert,Quebec,45.9667,-73
Armstrong,Manitoba,50.64,-97.495
Keremeos,British Columbia,49.2025,-119.8294
Regina Beach,Saskatchewan,50.79,-104.99
La Guadeloupe,Quebec,45.95,-70.93
Sutton,Quebec,45.1037249,-72.61809366
Saint Andrews,New Brunswick,45.074,-67.0521
Saint-Placide,Quebec,45.5333,-74.2
Grunthal,Manitoba,49.4065,-96.8603
Povungnituk,Quebec,60.0477,-77.2751
Pointe-des-Cascades,Quebec,45.3333,-73.9667
Deseronto,Ontario,44.2,-77.05
Lamont,Alberta,53.7603,-112.7778
Chambord,Quebec,48.4333,-72.0667
Maugerville,New Brunswick,46.1301,-66.2859
Dudswell,Quebec,45.5833,-71.5833
Nipissing,Ontario,46.05,-79.55
Shaunavon,Saskatchewan,49.651,-108.412
Wynyard,Saskatchewan,51.7667,-104.1833
Cambridge Bay,Nunavut,69.1528,-105.1707
Dalmeny,Saskatchewan,52.3411,-106.7733
Saint-Narcisse,Quebec,46.5667,-72.4667
Waswanipi,Quebec,49.7883,-75.9544
Inukjuak,Quebec,58.4824,-78.1309
Balgonie,Saskatchewan,50.488,-104.269
Piney,Manitoba,49.2069,-95.8333
Warfield,British Columbia,49.0953,-117.7344
Saint-Zacharie,Quebec,46.1333,-70.3667
Hemmingford,Quebec,45.0833,-73.5833
Saint-Pierre-de-l'Ile-d'Orleans,Quebec,46.8833,-71.0667
Kensington,Prince Edward Island,46.4333,-63.65
Shelburne,Nova Scotia,43.7633,-65.3236
Saint-Clet,Quebec,45.35,-74.22
Blumenort,Manitoba,49.6033,-96.7006
Brighton,New Brunswick,46.3316,-67.3585
Saint-Antoine,New Brunswick,46.3629,-64.753
Northampton,New Brunswick,46.1313,-67.4713
Flat Rock,Newfoundland and Labrador,47.7086,-52.7144
Saint-Ours,Quebec,45.8833,-73.15
Stephenville Crossing,Newfoundland and Labrador,48.5167,-58.4167
Sainte-Anne-de-la-Pocatiere,Quebec,47.35,-70
Popkum,British Columbia,49.1911,-121.7553
Notre-Dame-du-Bon-Conseil,Quebec,46,-72.35
Fisher,Manitoba,51.0825,-97.6611
Sainte-Clotilde,Quebec,45.15,-73.6833
Lantz,Nova Scotia,44.9894,-63.4736
Wicklow,New Brunswick,46.5017,-67.7067
Nouvelle,Quebec,48.1333,-66.3167
Wasagamack,Manitoba,53.9056,-94.9412
Rosthern,Saskatchewan,52.65,-106.3333
Yamaska,Quebec,46.0236,-72.9391
Neguac,New Brunswick,47.2333,-65.05
Saint-Antoine-de-Tilly,Quebec,46.6667,-71.5833
Igloolik,Nunavut,69.3817,-81.6811
Whitehead,Manitoba,49.7981,-100.2575
Saint-Elie-de-Caxton,Quebec,46.4833,-72.9667
Balmoral,New Brunswick,47.9667,-66.45
Price,Quebec,48.6017,-68.1227
Rosedale,Manitoba,50.4397,-99.5389
Saint-Jacques-le-Mineur,Quebec,45.2833,-73.4167
Coombs,British Columbia,49.3008,-124.4049
Val-Joli,Quebec,45.6,-71.97
Southesk,New Brunswick,46.9901,-66.4336
Huron Shores,Ontario,46.2833,-83.2
Saint-Antoine-sur-Richelieu,Quebec,45.7833,-73.1833
Saint-Pacome,Quebec,47.4,-69.95
Saint-Stanislas-de-Kostka,Quebec,45.18,-74.13
Saint-Jacques,New Brunswick,47.5634,-68.3693
Frontenac,Quebec,45.58,-70.83
Stuartburn,Manitoba,49.1331,-96.5158
Sainte-Emelie-de-l'Energie,Quebec,46.3167,-73.65
Saint-Charles-sur-Richelieu,Quebec,45.6833,-73.1833
Nipigon,Ontario,49.0153,-88.2683
Witless Bay,Newfoundland and Labrador,47.28,-52.83
Sainte-Helene-de-Bagot,Quebec,45.7333,-72.7333
Franklin Centre,Quebec,45.0467,-73.9005
Harbour Breton,Newfoundland and Labrador,47.4833,-55.8333
Mille-Isles,Quebec,45.82,-74.22
Naramata,British Columbia,49.5886,-119.5838
Lyster,Quebec,46.3667,-71.6167
Oakview,Manitoba,50.1964,-100.2167
Harrison Park,Manitoba,50.5563,-100.1674
Pond Inlet,Nunavut,72.6808,-77.7503
Sainte-Clotilde-de-Horton,Quebec,45.9833,-72.2333
Burford,Ontario,43.1036,-80.424
Saint-Benoit-Labre,Quebec,46.0667,-70.8
Terrace Bay,Ontario,48.8,-87.1
Maliotenam,Quebec,50.2114,-66.1911
Chapais,Quebec,49.7819,-74.8544
Saint-Honore-de-Shenley,Quebec,45.9667,-70.8333
Cleveland,Quebec,45.67,-72.08
Messines,Quebec,46.2333,-76.0167
Saint-Laurent-de-l'Ile-d'Orleans,Quebec,46.8667,-71.0167
Saint-Jean-de-Dieu,Quebec,48,-69.05
Massey Drive,Newfoundland and Labrador,48.9372,-57.9
Nakusp,British Columbia,50.2434,-117.8002
Florenceville,New Brunswick,46.4435,-67.6152
Larouche,Quebec,48.45,-71.5167
Fort St. James,British Columbia,54.4431,-124.2542
Saint-Francois-de-la-Riviere-du-Sud,Quebec,46.8833,-70.7167
Wabasca,Alberta,55.9855,-113.8566
Hilliers,British Columbia,49.3022,-124.4727
Perth,New Brunswick,46.7393,-67.6984
Eeyou Istchee Baie-James,Quebec,52.3382,-75.1977
Shellbrook No. 493,Saskatchewan,53.3545,-106.2553
Shawville,Quebec,45.6,-76.4833
Lambton,Quebec,45.83,-71.08
Saint-Flavien,Quebec,46.5167,-71.6
Boissevain,Manitoba,49.22987519,-100.0593912
Sainte-Marcelline-de-Kildare,Quebec,46.1167,-73.6
Riviere-Blanche,Quebec,48.7833,-67.7
Bay Bulls,Newfoundland and Labrador,47.3158,-52.8103
Saint-Felix-de-Kingsey,Quebec,45.8,-72.1833
Upper Island Cove,Newfoundland and Labrador,47.6472,-53.2233
Sainte-Elisabeth,Quebec,46.0833,-73.35
Ashcroft,British Columbia,50.7256,-121.2806
Clarkes Beach,Newfoundland and Labrador,47.5447,-53.2824
Falmouth,Nova Scotia,44.9967,-64.1634
Uashat,Quebec,50.233,-66.3947
Saint-Bernard-de-Lacolle,Quebec,45.0833,-73.4167
Saint-Joseph,New Brunswick,47.558,-68.3082
Belledune,New Brunswick,47.9,-65.8167
Saint-Guillaume,Quebec,45.8833,-72.7667
Venise-en-Quebec,Quebec,45.0833,-73.1333
Gambo,Newfoundland and Labrador,48.7833,-54.2167
Nauwigewauk,New Brunswick,45.4812,-65.8738
Humbermouth,Newfoundland and Labrador,49.0156,-58.1678
Springbrook,Alberta,52.1796,-113.885
Saint-Paulin,Quebec,46.4167,-73.0333
Glenelg,New Brunswick,46.9455,-65.2893
Saint David,New Brunswick,45.2918,-67.1983
Saint-Albert,Quebec,46,-72.0833
Matagami,Quebec,49.75,-77.6333
Grindrod,British Columbia,50.63,-119.1314
Springfield,New Brunswick,45.7005,-65.8079
Amherst,Quebec,46.05,-74.7667
Carlyle,Saskatchewan,49.6333,-102.2667
Notre-Dame-du-Laus,Quebec,46.0833,-75.6167
Langham,Saskatchewan,52.3667,-106.9667
St. George,New Brunswick,45.1333,-66.8167
Wembley,Alberta,55.1572,-119.1392
"Macdonald, Meredith and Aberdeen Additional",Ontario,46.4833,-84.0667
Pinawa,Manitoba,50.1707,-95.9547
Windermere,British Columbia,50.4856,-115.9948
Saint-Tite-des-Caps,Quebec,47.1333,-70.7667
Hudson Bay,Saskatchewan,52.851,-102.392
"Brudenell, Lyndoch and Raglan",Ontario,45.3167,-77.4
Gold River,British Columbia,49.7769,-126.0514
Saint-Casimir,Quebec,46.65,-72.1333
Dunsmuir,British Columbia,49.3696,-124.5772
Frenchman Butte,Saskatchewan,53.6052,-109.4298
Gordon,New Brunswick,46.8363,-67.1913
Saint-Malachie,Quebec,46.5333,-70.7667
Southampton,New Brunswick,46.0789,-67.3124
Salluit,Quebec,62.2013,-75.6337
Pangnirtung,Nunavut,66.1436,-65.6829
Saint-Louis-de-Gonzague,Quebec,45.2,-73.98
Moosonee,Ontario,51.2722,-80.6431
Englehart,Ontario,47.8167,-79.8667
Saint-Urbain,Quebec,47.55,-70.5333
Tring-Jonction,Quebec,46.2667,-70.9833
Wilton No. 472,Saskatchewan,53.124,-109.7885
Denmark,New Brunswick,47.1155,-67.4771
Saint-Joachim,Quebec,47.05,-70.85
Torch River No. 488,Saskatchewan,53.5445,-104.4619
Saint-Theodore-d'Acton,Quebec,45.6833,-72.5833
L' Isle-Verte,Quebec,48.0167,-69.3333
Palmarolle,Quebec,48.6667,-79.2
Bon Accord,Alberta,53.8328,-113.4189
Sussex Corner,New Brunswick,45.7122,-65.4719
Saint-Odilon-de-Cranbourne,Quebec,46.3667,-70.6833
Pipestone,Manitoba,49.6653,-101.1444
La Dore,Quebec,48.72,-72.65
Lac-au-Saumon,Quebec,48.4167,-67.35
Wotton,Quebec,45.7333,-71.8
Prairie Lakes,Manitoba,49.4034,-99.6298
Elk Point,Alberta,53.8967,-110.8972
St. Francois Xavier,Manitoba,49.9903,-97.6722
Shellbrook,Saskatchewan,53.2167,-106.4
Wemindji,Quebec,53.044,-78.7384
Cape Dorset,Nunavut,64.2237,-76.5405
Strong,Ontario,45.75,-79.4
Nobleford,Alberta,49.8822,-113.0531
Lappe,Ontario,48.5693,-89.3573
Pointe-aux-Outardes,Quebec,49.05,-68.4333
Riviere-Heva,Quebec,48.2333,-78.2167
Scott,Quebec,46.5078724,-71.06656282
Godmanchester,Quebec,45.08,-74.25
Macklin,Saskatchewan,52.33,-109.94
Armour,Ontario,45.6289,-79.3436
Saint-Simon,Quebec,45.719,-72.8463
Tingwick,Quebec,45.8873,-71.9244
Saint-Aubert,Quebec,47.1833,-70.2167
Saint-Mathieu-du-Parc,Quebec,46.5667,-72.9167
Saint-Ubalde,Quebec,46.75,-72.2667
Creighton,Saskatchewan,54.7561,-101.8973
Faraday,Ontario,45,-77.9167
Berthier-sur-Mer,Quebec,46.9167,-70.7333
Bayfield,Ontario,43.5615,-81.6983
Frampton,Quebec,46.4667,-70.8
Barriere,British Columbia,51.1803,-120.1261
Chute-aux-Outardes,Quebec,49.1167,-68.4
Lions Bay,British Columbia,49.4581,-123.2369
New Carlisle,Quebec,48.0167,-65.3333
Laird No. 404,Saskatchewan,52.5696,-106.7312
Saint-Majorique-de-Grantham,Quebec,45.9333,-72.5833
Petitcodiac,New Brunswick,45.9333,-65.1667
Canwood No. 494,Saskatchewan,53.4574,-106.7768
Wentworth-Nord,Quebec,45.85,-74.45
Bas Caraquet,New Brunswick,47.8,-64.8333
Two Hills,Alberta,53.715,-111.7461
Sainte-Ursule,Quebec,46.2833,-73.0333
Dawson,Yukon,64.0464,-139.3893
Nantes,Quebec,45.6333,-71.0333
Lac-aux-Sables,Quebec,46.8667,-72.4
Stewiacke,Nova Scotia,45.1422,-63.3483
Vaudreuil-sur-le-Lac,Quebec,45.4,-74.0333
Grahamdale,Manitoba,51.42,-98.3733
Upham,New Brunswick,45.5083,-65.6618
St.-Charles,Ontario,46.3422,-80.4497
Cardwell,New Brunswick,45.7848,-65.3037
Amulet,Quebec,48.2938,-79.0274
L'Avenir,Quebec,45.7667,-72.3
Hillsborough,New Brunswick,45.92057819,-64.65066537
Spiritwood No. 496,Saskatchewan,53.4435,-107.4495
Pointe-a-la-Croix,Quebec,48.0167,-66.6833
Herouxville,Quebec,46.6667,-72.6167
Weldford,New Brunswick,46.5221,-65.1114
Reynolds,Manitoba,49.7678,-95.8842
St. Laurent,Manitoba,50.43,-97.7933
L'Isle-aux-Allumettes,Quebec,45.8667,-77.0667
Emo,Ontario,48.6333,-93.8333
Sainte-Brigide-d'Iberville,Quebec,45.3167,-73.0667
Les Eboulements,Quebec,47.4833,-70.3167
Smooth Rock Falls,Ontario,49.2833,-81.6333
Bruederheim,Alberta,53.8042,-112.9278
Oxbow,Saskatchewan,49.2333,-102.1667
Telkwa,British Columbia,54.6972,-127.05
Landmark,Manitoba,49.6711,-96.8179
Norton,New Brunswick,45.6387,-65.6955
Gjoa Haven,Nunavut,68.6448,-95.8912
Sainte-Barbe,Quebec,45.1667,-74.2
Mayerthorpe,Alberta,53.9503,-115.1336
Ootischenia,British Columbia,49.2916,-117.6323
Saint-Louis-du-Ha! Ha!,Quebec,47.67,-68.98
Taylor,British Columbia,56.159,-120.6878
Powerview-Pine Falls,Manitoba,50.5661,-96.1981
Ragueneau,Quebec,49.0667,-68.5333
Baie Verte,Newfoundland and Labrador,49.9167,-56.1833
Chisholm,Ontario,46.1,-79.2333
Saint-Edouard,Quebec,45.2333,-73.5167
Charlo,New Brunswick,48,-66.32
Sorrento,British Columbia,50.8832,-119.4782
Burgeo,Newfoundland and Labrador,47.6,-57.6333
Wadena,Saskatchewan,51.9458,-103.8014
St-Pierre-Jolys,Manitoba,49.4403,-96.9844
Richmond,New Brunswick,46.0776,-67.7248
Youbou,British Columbia,48.8562,-124.1731
Swan Hills,Alberta,54.7106,-115.4133
Wilkie,Saskatchewan,52.4167,-108.7
Saint-Leonard,New Brunswick,47.1625,-67.925
Riviere-Bleue,Quebec,47.4333,-69.05
Noyan,Quebec,45.0667,-73.3
Notre-Dame-du-Portage,Quebec,47.7667,-69.6167
Ile-a-la-Crosse,Saskatchewan,55.45,-107.8833
Saint-Hugues,Quebec,45.8,-72.8667
Sainte-Anne-du-Sault,Quebec,46.1733,-72.1415
La Conception,Quebec,46.15,-74.7
Vauxhall,Alberta,50.0689,-112.0975
Lameque,New Brunswick,47.7925,-64.6532
Arborg,Manitoba,50.9075,-97.2182
Estevan No. 5,Saskatchewan,49.1308,-103.0126
Thessalon,Ontario,46.25,-83.55
L'Isle-aux-Coudres,Quebec,47.4,-70.3833
Lanigan,Saskatchewan,51.85,-105.0333
Elton,Manitoba,49.975,-99.8658
Bowden,Alberta,51.9306,-114.0256
South Qu'Appelle No. 157,Saskatchewan,50.5389,-104.0141
Conestogo,Ontario,43.5441,-80.4997
Rosser,Manitoba,49.99,-97.4592
Sainte-Lucie-des-Laurentides,Quebec,46.13,-74.18
Saint-Alexis,Quebec,45.9333,-73.6167
Roxton Falls,Quebec,45.5667,-72.5167
Montcalm,Manitoba,49.1775,-97.3247
Irishtown-Summerside,Newfoundland and Labrador,48.9833,-57.95
Clarendon,Quebec,45.65,-76.5167
Mervin No. 499,Saskatchewan,53.5455,-108.8762
Saint-Ludger,Quebec,45.75,-70.7
Coldwell,Manitoba,50.6389,-98.0417
Musquash,New Brunswick,45.1836,-66.3514
Racine,Quebec,45.5,-72.25
Osler,Saskatchewan,52.37,-106.54
Saint-Zenon,Quebec,46.55,-73.8167
Saint-Armand,Quebec,45.0333,-73.05
Saint-Edouard-de-Lotbiniere,Quebec,46.5667,-71.8333
Alonsa,Manitoba,50.9794,-99.0796
Saint-Arsene,Quebec,47.9167,-69.4333
Listuguj,Quebec,48.0609,-66.7491
St. Joseph,Ontario,46.2667,-84
Queensbury,New Brunswick,45.9918,-67.0632
Saint-Hubert-de-Riviere-du-Loup,Quebec,47.8167,-69.15
Saint-Jude,Quebec,45.7667,-72.9833
La Minerve,Quebec,46.25,-74.9333
Trecesson,Quebec,48.65,-78.3167
Legal,Alberta,53.9492,-113.595
Moonbeam,Ontario,49.35,-82.15
Notre-Dame-des-Pins,Quebec,46.1833,-70.7167
Saint-Alban,Quebec,46.7167,-72.0833
Saint-Pierre-les-Becquets,Quebec,46.5,-72.2
Beaver River,Saskatchewan,54.3531,-109.5575
Labrecque,Quebec,48.6667,-71.5333
Claremont,Ontario,43.9741,-79.1316
New Bandon,New Brunswick,47.6912,-65.29
Sainte-Henedine,Quebec,46.55,-70.9833
L'Anse-Saint-Jean,Quebec,48.2333,-70.2
Moose Jaw No. 161,Saskatchewan,50.4433,-105.5091
Bassano,Alberta,50.7833,-112.4667
Parrsboro,Nova Scotia,45.3998,-64.3312
St. George's,Newfoundland and Labrador,48.4275,-58.4778
Fort Simpson,Northwest Territories,61.8082,-121.3199
Akwesasne,Quebec,45.0155,-74.5769
Ignace,Ontario,49.4167,-91.6667
Teulon,Manitoba,50.3858,-97.2611
Peel,New Brunswick,46.4058,-67.5278
Miltonvale Park,Prince Edward Island,46.318,-63.237
St. Lawrence,Newfoundland and Labrador,46.9244,-55.3928
Oxford,Nova Scotia,45.7306,-63.8733
Minto-Odanah,Manitoba,50.2406,-99.8056
Saint-Valere,Quebec,46.0667,-72.1
St. Alban's,Newfoundland and Labrador,47.8753,-55.8414
Kaleden,British Columbia,49.3926,-119.5955
Saint James,New Brunswick,45.3822,-67.3427
Saint-Norbert-d'Arthabaska,Quebec,46.1,-71.8167
Manning,Alberta,56.9142,-117.6272
Glenella-Lansdowne,Manitoba,50.4163,-99.2097
Saint-Hilarion,Quebec,47.5667,-70.4
Saint-Modeste,Quebec,47.8333,-69.4
Saint-Simeon,Quebec,48.0667,-65.5667
Saint-Barnabe,Quebec,46.4,-72.8833
Irricana,Alberta,51.3189,-113.6106
Saint Martins,New Brunswick,45.4563,-65.4395
Two Borders,Manitoba,49.2668,-101.1124
Bury,Quebec,45.4667,-71.5
Lac-Bouchette,Quebec,48.25,-72.18
Saint-Lazare-de-Bellechasse,Quebec,46.65,-70.8
Saint-Michel-du-Squatec,Quebec,47.88,-68.72
Saint-Joachim-de-Shefford,Quebec,45.45,-72.5333
Grand-Remous,Quebec,46.6167,-75.9
Saint-Gabriel-de-Rimouski,Quebec,48.4209,-68.1791
Armstrong,Ontario,47.7083,-79.825
Rogersville,New Brunswick,46.7167,-65.4167
Langenburg,Saskatchewan,50.8333,-101.7
Sainte-Marie-Salome,Quebec,45.9333,-73.5
Saint-Cyprien,Quebec,47.9,-69.0167
Centreville,Nova Scotia,45.13,-64.5224
Maidstone,Saskatchewan,53.092,-109.294
Tres-Saint-Sacrement,Quebec,45.1833,-73.85
Hillsburgh,Ontario,43.7914,-80.1354
McAdam,New Brunswick,45.5944,-67.3258
Newcastle,New Brunswick,47.1725,-65.5551
Saints-Anges,Quebec,46.4167,-70.8833
Saint-Urbain-Premier,Quebec,45.22,-73.73
Centreville-Wareham-Trinity,Newfoundland and Labrador,48.9879,-53.9069
Alberton,Prince Edward Island,46.8167,-64.0667
Winnipeg Beach,Manitoba,50.5058,-96.9742
Sainte-Agathe-de-Lotbiniere,Quebec,46.3833,-71.4167
Salmo,British Columbia,49.1942,-117.2778
Kipling,Saskatchewan,50.1015,-102.6324
Sagamok,Ontario,46.1529,-82.2072
Grande-Vallee,Quebec,49.2167,-65.1333
Bertrand,New Brunswick,47.7622,-65.0686
Mont-Carmel,Quebec,47.4397,-69.8586
Victoria,Manitoba,49.6644,-98.9153
Saint-Eugene,Quebec,45.8,-72.7
Notre-Dame-des-Neiges,Quebec,48.1167,-69.1667
Saint-Andre,New Brunswick,47.1392,-67.7444
Roland,Manitoba,49.3547,-97.8997
Saint-Leon-de-Standon,Quebec,46.4833,-70.6167
Hensall,Ontario,43.4345,-81.504
Carnduff,Saskatchewan,49.167,-101.783
Greenwich,New Brunswick,45.5112,-66.1229
Carling,Ontario,45.4333,-80.2167
Eckville,Alberta,52.3622,-114.3614
Nain,Newfoundland and Labrador,56.5422,-61.6928
Foam Lake,Saskatchewan,51.65,-103.5333
Sayabec,Quebec,48.5667,-67.6833
Laird,Ontario,46.3833,-84.0667
Sainte-Sabine,Quebec,45.2333,-73.0167
Tara,Ontario,44.4793,-81.1445
Saint-Maxime-du-Mont-Louis,Quebec,49.2333,-65.7333
Blanc-Sablon,Quebec,51.4167,-57.1333
Cobalt,Ontario,47.4,-79.6833
South River,Ontario,45.8417,-79.375
Hudson Bay No. 394,Saskatchewan,53.0295,-102.3122
Waldheim,Saskatchewan,52.65,-106.6167
McKellar,Ontario,45.4833,-79.85
Buffalo Narrows,Saskatchewan,55.8769,-108.5244
Ayer's Cliff,Quebec,45.1667,-72.05
Les Mechins,Quebec,49,-66.9833
Sainte-Marguerite,Quebec,46.5167,-70.9333
Saint-Claude,Quebec,45.6667,-71.9833
Air Ronge,Saskatchewan,55.0872,-105.3318
Chipman,New Brunswick,46.171,-65.884
Weyburn No. 67,Saskatchewan,49.6535,-103.8348
Alberta Beach,Alberta,53.6767,-114.35
Sainte-Jeanne-d'Arc,Quebec,48.8575,-72.0939
Sainte-Felicite,Quebec,48.9,-67.3333
Girardville,Quebec,49,-72.55
Saint-Bruno-de-Guigues,Quebec,47.4667,-79.4333
Grenfell,Saskatchewan,50.4167,-102.9167
South Algonquin,Ontario,45.4967,-78.0239
Upton,Quebec,45.65,-72.6833
Saint-Narcisse-de-Beaurivage,Quebec,46.4833,-71.2333
Plaisance,Quebec,45.6167,-75.1167
Roxton-Sud,Quebec,45.5521,-72.5265
St. Louis No. 431,Saskatchewan,52.8277,-105.7873
Noonan,New Brunswick,45.9544,-66.4868
Duchess,Alberta,50.7333,-111.9
Saint-Frederic,Quebec,46.3,-70.9667
Saint-Narcisse-de-Rimouski,Quebec,48.28,-68.43
Atholville,New Brunswick,47.98185111,-66.71468904
Viking,Alberta,53.0953,-111.7769
Sioux Narrows-Nestor Falls,Ontario,49.4,-94.08
Repulse Bay,Nunavut,66.5628,-86.3186
Saint-Patrice-de-Beaurivage,Quebec,46.4167,-71.2333
Bentley,Alberta,52.4667,-114.05
Durham,New Brunswick,47.7631,-66.0849
Sainte-Marthe,Quebec,45.4,-74.3
Notre-Dame-du-Nord,Quebec,47.6,-79.4833
Beachburg,Ontario,45.7303,-76.8559
Pinehouse,Saskatchewan,55.5136,-106.5986
Saint-Aime-des-Lacs,Quebec,47.6833,-70.3
Wedgeport,Nova Scotia,43.7323,-65.9797
Lac-Drolet,Quebec,45.72,-70.85
Preeceville,Saskatchewan,51.958,-102.6673
Maple Creek No. 111,Saskatchewan,49.8044,-109.6508
Harbour Main-Chapel's Cove-Lakeview,Newfoundland and Labrador,47.4337,-53.1458
Coleraine,Quebec,45.9649,-71.3734
Birch Hills,Saskatchewan,52.9833,-105.4333
Saint-Bonaventure,Quebec,45.9667,-72.6833
Saint-Wenceslas,Quebec,46.1667,-72.3333
Kerrobert,Saskatchewan,51.92,-109.1272
Havelock,New Brunswick,45.9523,-65.3885
Eston,Saskatchewan,51.15,-108.75
Sainte-Genevieve-de-Batiscan,Quebec,46.5333,-72.3333
Saint-Justin,Quebec,46.25,-73.0833
Saint-Norbert,Quebec,46.1667,-73.3167
Schreiber,Ontario,48.8167,-87.2667
Trochu,Alberta,51.8236,-113.2328
Botsford,New Brunswick,46.1145,-63.9804
Riviere-Ouelle,Quebec,47.4333,-70.0167
Stukely-Sud,Quebec,45.3167,-72.4167
Saint-Georges-de-Clarenceville,Quebec,45.0667,-73.25
Plantagenet,Ontario,45.5321,-74.9956
Sainte-Therese-de-Gaspe,Quebec,48.4167,-64.4167
Sainte-Petronille,Quebec,46.85,-71.1333
Desbiens,Quebec,48.4167,-71.95
Clyde River,Nunavut,70.4632,-68.4822
La Macaza,Quebec,46.3667,-74.7667
Souris,Prince Edward Island,46.3554,-62.2542
Kindersley No. 290,Saskatchewan,51.4894,-109.0979
Falher,Alberta,55.7372,-117.2014
Saint-Vallier,Quebec,46.8833,-70.8167
Melita,Manitoba,49.2681,-100.9958
Davidson,Saskatchewan,51.2667,-105.9667
Bristol,Quebec,45.5333,-76.4667
Mahone Bay,Nova Scotia,44.4489,-64.3819
Saint-Sylvestre,Quebec,46.3667,-71.2333
Taloyoak,Nunavut,69.5554,-93.4972
Onoway,Alberta,53.7011,-114.1981
Saint-Stanislas,Quebec,46.6167,-72.4
Battle River No. 438,Saskatchewan,52.7343,-108.4452
Malpeque,Prince Edward Island,46.5,-63.6667
Longue-Rive,Quebec,48.55,-69.25
Argyle,Manitoba,49.3697,-99.1506
Delisle,Saskatchewan,51.9254,-107.1333
Plaster Rock,New Brunswick,46.8833,-67.3833
Wilmot,New Brunswick,46.3463,-67.7099
Valemount,British Columbia,52.8284,-119.2659
Saint-Leonard-de-Portneuf,Quebec,46.8833,-71.9167
Longlaketon No. 219,Saskatchewan,50.9386,-104.6913
Papineau-Cameron,Ontario,46.3,-78.7333
Assiginack,Ontario,45.7333,-81.8
Brebeuf,Quebec,46.0667,-74.6667
Hudson Hope,British Columbia,56.0316,-121.9057
Baie-du-Febvre,Quebec,46.13,-72.72
Durham-Sud,Quebec,45.6667,-72.3333
Melbourne,Quebec,45.58,-72.17
Nipawin No. 487,Saskatchewan,53.2881,-104.0544
Duck Lake No. 463,Saskatchewan,52.9596,-106.2089
Oyen,Alberta,51.3522,-110.4739
Gravelbourg,Saskatchewan,49.874,-106.555
Lajord No. 128,Saskatchewan,50.1965,-104.2507
Hebertville,Quebec,48.39080959,-71.68197283
Lorrainville,Quebec,47.3542299,-79.35209147
Prince,Ontario,46.5333,-84.5
Athens,Ontario,44.625,-75.95
Saint-Rene-de-Matane,Quebec,48.7,-67.3833
Eastman,Quebec,45.29689817,-72.30552225
Kugluktuk,Nunavut,67.82384812,-115.099089
Kedgwick,New Brunswick,47.6456,-67.3431
Wemotaci,Quebec,47.90248188,-73.78170902
Cookshire,Quebec,45.41216116,-71.61611367
Dorchester,New Brunswick,45.9016,-64.5161
Fortune,Newfoundland and Labrador,47.07221121,-55.82431659
Hamiota,Manitoba,50.1964,-100.6342
Gillam,Manitoba,56.34891796,-94.71112885
Grand View,Manitoba,51.155,-100.7892
Dildo,Newfoundland and Labrador,47.5685,-53.5471
Laurierville,Quebec,46.3,-71.65
Ripon,Quebec,45.7833,-75.1
Henryville,Quebec,45.1333,-73.1833
Gracefield,Quebec,46.09263218,-76.05138832
Chatsworth,Ontario,44.38,-80.87
McCreary,Manitoba,50.7494,-99.485
Yamaska-Est,Quebec,46,-72.92
Rossburn,Manitoba,50.7272,-100.7408
Rothesay,New Brunswick,45.39956964,-65.8776222
Ethelbert,Manitoba,51.5364,-100.4981
Frelighsburg,Quebec,45.05477721,-72.84167324
Magnetawan,Ontario,45.6667,-79.6333